n_samples,d,vine_family,correlation_type,rho,corr_max_error,corr_mean_error,corr_rmse,corr_of_corrs,marginals_similar,mean_ks_stat,mean_kendall_diff,mean_spearman_diff,entropy_true,entropy_error
500,3,c-vine,toeplitz,0.3,0.3278034574262414,0.19652762192058001,0.2194907341093192,-0.1066561648779114,True,0.03733333333333333,0.12445156980627921,0.1842464969859879,4.162504920142777,0.40061364962014245
500,3,c-vine,toeplitz,0.6,0.05546338413262064,0.02962968628799671,0.03530615798025827,0.9899551931479995,True,0.05200000000000001,0.023641950567802245,0.03372279089116357,3.810528496985599,0.1387097002058315
500,3,c-vine,toeplitz,0.9,0.2819376595403329,0.20846310048021657,0.21728870912076473,0.47818515159686037,True,0.042,0.2274404316702591,0.2307922897130881,2.5960843927923674,0.799451293201416
500,3,c-vine,equicorrelation,0.3,0.07308177976162261,0.04737931697327202,0.05436508190676807,-0.028858358054268327,True,0.03733333333333333,0.041832999331997335,0.06187730350921402,4.135142470298154,0.2274720927255265
500,3,c-vine,equicorrelation,0.6,0.06529213480569684,0.03054943108960954,0.04055297226996668,-0.5599848050972179,True,0.03333333333333333,0.02155778223112892,0.02641159364637465,3.7347535479219984,0.020240459907244546
500,3,c-vine,equicorrelation,0.9,0.23020701691799306,0.18731348562611838,0.1962879014378746,0.46894031404761,True,0.042666666666666665,0.1851810287241149,0.17195758383033521,2.4690402152105517,0.8842324262492922
500,3,d-vine,toeplitz,0.3,0.31657325629159827,0.12363616175381498,0.1843947069891589,-0.7749276427018793,True,0.036000000000000004,0.10293653974615895,0.14870187480749925,4.162504920142777,0.46653194006924625
500,3,d-vine,toeplitz,0.6,0.19773731326848026,0.12392761245155814,0.14494507114766342,-0.23075954309185973,True,0.04,0.08969405477621906,0.11982342329369318,3.810528496985599,0.2567009721452722
500,3,d-vine,toeplitz,0.9,0.22027079429248542,0.15359340649495282,0.1721534855977827,-0.9553026439962581,True,0.026,0.16338810955243824,0.15986758347033392,2.5960843927923674,0.6993584197392058
500,3,d-vine,equicorrelation,0.3,0.22054465825344827,0.13092813255142824,0.14618718653264118,-0.5580185716945234,True,0.04066666666666666,0.09123383470635549,0.13064107272055922,4.135142470298154,0.041758180758313834
500,3,d-vine,equicorrelation,0.6,0.08943804462839477,0.060355439473189776,0.07036026335035887,0.8666429762095224,True,0.032,0.04745490981963929,0.06049448197792787,3.7347535479219984,0.19075830524502058
500,3,d-vine,equicorrelation,0.9,0.28562175905503717,0.2521552978486701,0.2538131852437283,0.023337981282978416,True,0.034,0.2766480841369389,0.27524701082465275,2.4690402152105517,0.8709416750949317
500,5,c-vine,toeplitz,0.3,0.31308887595057844,0.1972614075502307,0.22776936671553882,0.3130339988521971,True,0.0368,0.13446733466933866,0.19535482941931764,6.906071307080881,0.41904089267565947
500,5,c-vine,toeplitz,0.6,0.11605480780007549,0.04357931692057347,0.05503029275898817,0.942852235938791,True,0.032,0.03849939879759517,0.05391280765123065,6.202118460766524,0.016845405140369252
500,5,c-vine,toeplitz,0.9,0.254312900364414,0.10909215390849089,0.139723702768697,0.719202406363089,True,0.0328,0.11251943887775548,0.12028392113568454,3.77323025238006,0.7418864312257067
500,5,c-vine,equicorrelation,0.3,0.24022915302950304,0.0989775319297547,0.13022887739928932,-0.23965922277240223,True,0.03560000000000001,0.06498436873747494,0.09145254821019284,6.7755714583280335,0.4133661102273978
500,5,c-vine,equicorrelation,0.6,0.11199122476299261,0.030719237768743857,0.04403747063210599,0.337298623264237,True,0.0432,0.03084569138276554,0.03850215400861608,5.8739989180861105,0.051518903610376476
500,5,c-vine,equicorrelation,0.9,0.26592811390812865,0.1382649252432408,0.17112991547320067,-0.5765991125030422,True,0.036399999999999995,0.15486973947895794,0.1452251281005124,3.2525506317827957,1.4052295045997005
500,5,c-vine,block,0.3,0.4112172985373473,0.27973580676220233,0.300413744376033,0.8042961703768235,True,0.032,0.185112625250501,0.26819466957867827,6.925864196971878,0.6354339759470928
500,5,c-vine,block,0.6,0.4796147625559258,0.25752816520408206,0.31066681801708645,0.9372258597370012,True,0.030799999999999994,0.17821563126252501,0.25698677834711336,6.349487063017133,0.42547249977079993
500,5,c-vine,block,0.9,0.5234505284518696,0.3373044328369391,0.36358732411806216,0.9213923209727636,True,0.0336,0.24804488977955907,0.32150933723734887,4.476551678209071,1.1952425515012726
500,5,d-vine,toeplitz,0.3,0.5766503980243877,0.24778951506538513,0.3146892527937507,-0.7876198227670751,True,0.0368,0.1677723446893787,0.24423642974571896,6.906071307080881,0.5263287818378295
500,5,d-vine,toeplitz,0.6,0.4741060016067532,0.17295561760358485,0.22855350220000165,-0.303068485619258,True,0.048400000000000006,0.1257202404809619,0.1726558842235369,6.202118460766524,0.4745878532790089
500,5,d-vine,toeplitz,0.9,0.2690013507132809,0.12328062455069722,0.16306315560067156,-0.694128937636962,True,0.0312,0.12491863727454908,0.12659034956139825,3.77323025238006,1.4488841585076058
500,5,d-vine,equicorrelation,0.3,0.2976498312878538,0.10121990339815627,0.12733200542007334,-0.19931758804482697,True,0.04240000000000001,0.07431182364729458,0.10548575954303815,6.7755714583280335,0.42058338941303663
500,5,d-vine,equicorrelation,0.6,0.04878579996574728,0.027299315747296448,0.031225431567393287,0.30852774234666497,True,0.0424,0.02464769539078156,0.030392780771123083,5.8739989180861105,0.2589728436271006
500,5,d-vine,equicorrelation,0.9,0.27021726232405807,0.17568962729407006,0.190573097449562,0.45795261800468495,True,0.0444,0.170436873747495,0.15979692078768312,3.2525506317827957,1.3411008346992799
500,5,d-vine,block,0.3,0.5473427549402993,0.30484159031301916,0.3702303744840119,-0.2579747392969174,True,0.0268,0.2019078156312625,0.2934619706478826,6.925864196971878,0.5235765052308965
500,5,d-vine,block,0.6,0.6396154972873278,0.33057753203187806,0.38306914104027395,-0.051266691385545814,True,0.0288,0.22766492985971945,0.3225386533546134,6.349487063017133,0.22033293750180238
500,5,d-vine,block,0.9,0.7618313210934636,0.47969637935178094,0.5023651224847862,0.09614217266837403,True,0.0324,0.3723318637274548,0.4809524390097559,4.476551678209071,1.6272166010132567
500,10,c-vine,toeplitz,0.6,0.5061496980413188,0.25611084822624547,0.29287907085377274,0.6785254573542716,True,0.0356,0.18038352260075705,0.25117371722820225,12.18109337021884,0.47420902055752023
500,10,c-vine,toeplitz,0.9,0.24455044922381308,0.044349738334936446,0.06715983474199151,0.8972281721534967,True,0.048,0.03741028724114895,0.0365563190252761,6.716094901349296,2.409225152176594
500,10,c-vine,equicorrelation,0.3,0.45168322919882536,0.15522704918869967,0.20948575204106365,-0.22913341720367092,True,0.0326,0.10985882876864839,0.15249198703461483,13.23851449414752,0.8430050589517997
500,10,c-vine,equicorrelation,0.6,0.21127461825347682,0.06509852506702402,0.08033287214836814,-0.20342849342802402,True,0.0366,0.05659176130037853,0.06790436975081234,10.99422603379584,0.09218500880155034
500,10,c-vine,block,0.3,0.5881196683205522,0.3290404331384822,0.37181485089876315,0.18105964015764492,True,0.037200000000000004,0.22715902916944997,0.321243603907749,13.551142916656067,1.3067666015226198
500,10,c-vine,block,0.6,0.5579270090843524,0.26868901978593535,0.3261416000467541,0.733540805349358,True,0.0502,0.18514611445112447,0.26061394058909565,11.747997836172221,0.827423976921704
500,10,c-vine,block,0.9,0.6732717525789136,0.3276718538332604,0.3999681981311572,0.8440054519085344,True,0.042600000000000006,0.2384587842351369,0.3166302627877178,6.505101263565591,2.84355468088392
500,10,d-vine,toeplitz,0.3,0.5838150878013406,0.3558349927774643,0.39877375266475834,-0.8152784250676948,True,0.0372,0.23986141171231354,0.34787496376652177,13.76498727442614,1.4889743526100254
500,10,d-vine,toeplitz,0.9,0.37680109001305806,0.15340090193782072,0.18614208122323783,-0.683425286530168,True,0.032,0.1429906924961033,0.1577289551824874,6.716094901349296,2.5235114515945174
500,10,d-vine,equicorrelation,0.3,0.27139873436464323,0.12948238513004653,0.1484507272678281,0.12485495019115198,True,0.0382,0.08870790469828545,0.12503396786920482,13.23851449414752,0.6732202392203703
500,10,d-vine,equicorrelation,0.6,0.14249733129663333,0.0413641769401918,0.05368626693493258,0.034125687890448134,True,0.045599999999999995,0.034345312847918044,0.04366145464581856,10.99422603379584,0.037399191290308664
500,10,d-vine,equicorrelation,0.9,0.285733035264926,0.14255138103925222,0.1553559907232649,-0.13789988515500803,True,0.037000000000000005,0.16360873353978805,0.1496627583043655,4.931889620334921,3.751413144456869
500,10,d-vine,block,0.6,0.7759913220781707,0.382427087225457,0.48162970079473794,-0.4968647900005272,True,0.0364,0.2640374081496325,0.3725615905130286,11.747997836172221,0.6960477707367971
500,10,d-vine,block,0.9,0.8853404285510669,0.5412863604036324,0.5946928014033547,-0.2166475029607192,True,0.033600000000000005,0.41086424536464494,0.5260655114441406,6.505101263565591,3.395635306919403
1000,3,c-vine,toeplitz,0.3,0.2989211576726668,0.15923765480348992,0.19252859897068791,-0.16044344885143164,True,0.02666666666666667,0.1050623957290624,0.1527927247927248,4.162504920142777,0.3124301800689313
1000,3,c-vine,toeplitz,0.6,0.023137191332101348,0.02217580814932126,0.022186372520667675,0.9894897928901726,True,0.027999999999999997,0.013506840173506868,0.016714468714468706,3.810528496985599,0.22773813136167842
1000,3,c-vine,toeplitz,0.9,0.23266427675012502,0.17634955594721502,0.1808004820394715,0.5558409550528436,True,0.023666666666666666,0.1900807474140808,0.187007403007403,2.5960843927923674,0.6088950745139958
1000,3,c-vine,equicorrelation,0.3,0.13102284576772638,0.0659125209608758,0.08058910434066505,-0.6671120916359238,True,0.023333333333333334,0.03632966299632966,0.05046781846781847,4.135142470298154,0.19360919569516977
1000,3,c-vine,equicorrelation,0.6,0.05674667219762275,0.054659521721296955,0.05467969870002459,0.8825233776851806,True,0.030333333333333334,0.05216416416416416,0.06603621003621007,3.7347535479219984,0.11008992829528763
1000,3,c-vine,equicorrelation,0.9,0.25918143562597684,0.21463014650398218,0.22088249440738578,-0.9973456326635899,True,0.021666666666666667,0.22820420420420418,0.2207759687759688,2.4690402152105517,0.9016024108189851
1000,3,d-vine,toeplitz,0.3,0.3486012375159632,0.12757977456643907,0.20175664456937184,-0.9741937181393946,True,0.03,0.07868550851709351,0.11484229153254323,4.162504920142777,0.2476190451434146
1000,3,d-vine,toeplitz,0.6,0.27794591680761754,0.10914781496973545,0.1622362338414013,-0.8628516245782828,True,0.023000000000000003,0.07637771328485975,0.10430704431006395,3.810528496985599,0.20077662948451902
1000,3,d-vine,toeplitz,0.9,0.2785723977459046,0.20107564138428824,0.22586616636540455,-0.9977311788477159,True,0.03,0.19569703036369704,0.19809719409719415,2.5960843927923674,0.6732679028609279
1000,3,d-vine,equicorrelation,0.3,0.11262179181089604,0.05405441057998289,0.0705846268836074,0.688545038073825,True,0.03866666666666666,0.04249582916249583,0.06242391842391843,4.135142470298154,0.22486842876826163
1000,3,d-vine,equicorrelation,0.6,0.0684616850362616,0.050788939083182195,0.053178470347676025,-0.9466538779013332,True,0.028666666666666663,0.03397263930597263,0.04351671951671957,3.7347535479219984,0.13996031252243002
1000,3,d-vine,equicorrelation,0.9,0.24154571314506545,0.20103566301307466,0.2077595006905474,-0.16583102544797054,True,0.024999999999999998,0.21936405395874767,0.21033286965928277,2.4690402152105517,0.8267768107162277
1000,5,c-vine,toeplitz,0.6,0.22740652292047578,0.07024922885537904,0.10279232613303559,0.866700731758207,True,0.0324,0.050601801801801814,0.07071187191187192,6.202118460766524,0.23556327104656205
1000,5,c-vine,toeplitz,0.9,0.25362758190043966,0.08957378575177774,0.11456717777977356,0.6906495322379549,True,0.022000000000000002,0.08787245323128053,0.08778703850671302,3.77323025238006,0.9893456862100889
1000,5,c-vine,equicorrelation,0.3,0.25323611022998366,0.08519062548961462,0.10705568961121628,-0.44997036485395775,True,0.0252,0.060243443443443456,0.0852007596007596,6.7755714583280335,0.46879049025678654
1000,5,c-vine,equicorrelation,0.6,0.10525261289519938,0.03533855622480403,0.044213296172734326,0.171230258576097,True,0.0258,0.03125445445445447,0.03926968166968168,5.8739989180861105,0.17627104118873937
1000,5,c-vine,equicorrelation,0.9,0.2545994978591104,0.13330553030843575,0.1636768207548988,0.6509258257228042,True,0.024200000000000003,0.14813933933933934,0.13814538854538855,3.2525506317827957,1.0752121338068625
1000,5,c-vine,block,0.3,0.39363375235877973,0.27432264798755535,0.29703190812694313,0.7349963426428534,True,0.0356,0.17873633633633637,0.26096861696861695,6.925864196971878,0.5761176857756096
1000,5,c-vine,block,0.6,0.48567133635838183,0.2638364625490512,0.32114949425730505,0.8394659102058359,True,0.022199999999999998,0.17269979163836718,0.24814723239126937,6.349487063017133,0.339868388880709
1000,5,c-vine,block,0.9,0.39524873751494033,0.2793553114369929,0.29069416973976636,0.9418302614739213,True,0.0334,0.22208688688688688,0.28112607272607276,4.476551678209071,1.0990320709190105
1000,5,d-vine,toeplitz,0.3,0.48329458914375445,0.2257320458857623,0.2924867829628146,-0.8222457963641522,True,0.0316,0.15357437437437438,0.22435753915753914,6.906071307080881,0.44746007880125394
1000,5,d-vine,toeplitz,0.6,0.5891867142735006,0.1948591625574297,0.2634435154246163,-0.42356623354194345,True,0.0182,0.13517516946258173,0.18474066984932636,6.202118460766524,0.4535893157613424
1000,5,d-vine,toeplitz,0.9,0.2576020569756904,0.12553040396843923,0.16004967960181135,-0.6655120113135992,True,0.020999999999999998,0.13594474474474474,0.13831433551433553,3.77323025238006,1.2502544280358974
1000,5,d-vine,equicorrelation,0.3,0.21106039835103585,0.06515019275348602,0.09446074321766641,0.1932799325428309,True,0.029599999999999998,0.04749549549549548,0.06826388626388628,6.7755714583280335,0.29521504056782
1000,5,d-vine,equicorrelation,0.6,0.05762920909686675,0.029892485243990564,0.0353301313246734,0.5930912416627683,True,0.04239999999999999,0.025551151151151162,0.03280161640161642,5.8739989180861105,0.2730688847343039
1000,5,d-vine,equicorrelation,0.9,0.2644135134710126,0.16081020038210442,0.17527220014564862,0.3005693697949559,True,0.0216,0.17487145646555216,0.15993191585694522,3.2525506317827957,1.3681985174093056
1000,5,d-vine,block,0.6,0.6420256575246178,0.3232278825059179,0.37499057838885874,0.04463795378675079,True,0.027200000000000002,0.2139099960534871,0.3044774568412354,6.349487063017133,0.34809029885810094
1000,5,d-vine,block,0.9,0.6663978831628998,0.4226226760785462,0.44180563977855225,0.267173677919451,True,0.0362,0.3326366366366367,0.42387496347496356,4.476551678209071,1.6185586105734195
1000,10,c-vine,toeplitz,0.3,0.572796603802,0.35189912230312675,0.3772845903498916,0.25268313146446636,True,0.028000000000000004,0.2362014646197362,0.3411257554007292,13.76498727442614,1.4787127434814806
1000,10,c-vine,toeplitz,0.6,0.5289183294212194,0.2638212279884886,0.31013180188331024,0.6444008740593762,True,0.0274,0.18439589446006102,0.2589563067248711,12.18109337021884,0.6598199835731702
1000,10,c-vine,toeplitz,0.9,0.27731366301002747,0.037713741424207144,0.0627788794351275,0.9112783191864253,True,0.029400000000000003,0.04185901457012567,0.046396138929472266,6.716094901349296,2.0780403463819486
1000,10,c-vine,equicorrelation,0.3,0.3532468433261354,0.12118325342296166,0.15538663170534533,-0.0667444862272956,True,0.027500000000000004,0.08305422585230286,0.11446799173915513,13.23851449414752,1.1010624297868823
1000,10,c-vine,equicorrelation,0.9,0.2857502480882437,0.08010587673146505,0.12712991136809812,-0.06236877677029948,True,0.020699999999999996,0.091929351573796,0.08549069882403217,4.931889620334921,1.891716587398629
1000,10,c-vine,block,0.3,0.553400050757698,0.31828397847016704,0.3548527385181726,0.344189651078249,True,0.0241,0.2169184511836437,0.31007889775717784,13.551142916656067,1.4673211246065936
1000,10,c-vine,block,0.6,0.5722616223347994,0.28007350528742336,0.34246743268068963,0.7365003209920437,True,0.0264,0.1941014231253731,0.27096640401507527,11.747997836172221,0.5984485408832807
1000,10,c-vine,block,0.9,0.5784114430736959,0.2906350397153442,0.350671336614567,0.8515615221285703,True,0.0361,0.21533150928706482,0.28362313722313726,6.505101263565591,2.2987881826019008
1000,10,d-vine,toeplitz,0.6,0.6949817336688455,0.35729246715971374,0.4227931112218313,-0.7680673156091629,True,0.0279,0.25011135580024474,0.3477650157650158,12.18109337021884,1.3082153246825463
1000,10,d-vine,toeplitz,0.9,0.3923358726425819,0.15363832749206047,0.18810851561549083,-0.7237118786902342,True,0.022200000000000004,0.14400230977405507,0.15918158681103048,6.716094901349296,2.2119480746578066
1000,10,d-vine,equicorrelation,0.3,0.20649603035337505,0.09292901670050338,0.11159112207769607,0.021342926980464385,True,0.024399999999999998,0.06236182849516185,0.08893866200532867,13.23851449414752,0.7363929003605367
1000,10,d-vine,equicorrelation,0.6,0.10020364533328319,0.038363635809794405,0.04714615459184769,0.005933591045817658,True,0.0327,0.033362240183554964,0.04140432674357355,10.99422603379584,0.02489620246301172
1000,10,d-vine,block,0.3,0.5581823810965083,0.27611001650036376,0.344104269381197,-0.6382047862617708,True,0.0264,0.18323025247469696,0.26744000424000425,13.551142916656067,1.1671128656586358
1000,10,d-vine,block,0.6,0.7718574432600125,0.3939275150928409,0.4903323035281386,-0.4336046994488307,True,0.023899999999999998,0.2718992061988409,0.3834269034277746,11.747997836172221,0.5890623299854507
1000,10,d-vine,block,0.9,0.8196918636405336,0.5062751016318732,0.5570954006896842,-0.22113292302229887,True,0.023899999999999998,0.3899143588032477,0.49781388261388265,6.505101263565591,2.6558467082244137
2000,3,c-vine,toeplitz,0.3,0.1961581188073126,0.08627102822902716,0.11732143221614061,0.08599586160180683,True,0.018166666666666668,0.0633910288477572,0.09315923628980906,4.162504920142777,0.2548153543105611
2000,3,c-vine,toeplitz,0.6,0.04173860517126732,0.03303446536234652,0.03362608609509681,0.9748481048931927,True,0.0175,0.02590130785402663,0.03419610533102263,3.810528496985599,0.17050481446705046
2000,3,c-vine,toeplitz,0.9,0.2426530964053869,0.18715066696768864,0.1916699289241136,0.6257536405855785,True,0.017666666666666667,0.19780715430348392,0.1991203856091208,2.5960843927923674,0.7740284087976197
2000,3,c-vine,equicorrelation,0.3,0.11094879697347237,0.05140092737565238,0.0672346291580414,0.9999001368088306,True,0.020833333333333332,0.03681173920293484,0.052127807031951745,4.135142470298154,0.21643040329464558
2000,3,c-vine,equicorrelation,0.6,0.04935807606122278,0.03447600607868236,0.03604658342074186,0.7711517595054235,True,0.02266666666666667,0.026545272636318135,0.03613326953331734,3.7347535479219984,0.13907776651244186
2000,3,c-vine,equicorrelation,0.9,0.2386282612151449,0.2040837516741185,0.2091875275468066,0.21273633083114757,True,0.013666666666666666,0.21318992829748204,0.20471089767772435,2.4690402152105517,0.8246795123799049
2000,3,d-vine,toeplitz,0.3,0.37738471728952294,0.14621456791508414,0.21932138943474633,-0.9578326915024971,True,0.0305,0.09592771846499148,0.14006010945860073,4.162504920142777,0.23498775158745477
2000,3,d-vine,toeplitz,0.6,0.22894319565112686,0.10570616605266558,0.1370023453992737,-0.8696066743013982,True,0.022333333333333334,0.07787654028279012,0.10308213488209832,3.810528496985599,0.13129815474267303
2000,3,d-vine,equicorrelation,0.3,0.07946113843642488,0.041744576489089504,0.04975950895908534,0.9824890007257769,True,0.026333333333333334,0.022210805040685132,0.031582773218741,4.135142470298154,0.1468063671769304
2000,3,d-vine,equicorrelation,0.6,0.05988397748275176,0.04909581345764332,0.05098748876390318,-0.1783994891831911,True,0.020666666666666667,0.037962652710382315,0.048781066954045195,3.7347535479219984,0.23928464637652658
2000,3,d-vine,equicorrelation,0.9,0.2702849482107049,0.22661530264004082,0.2338047025538772,-0.8614702068473018,True,0.016833333333333336,0.24196949517486574,0.23441397966650077,2.4690402152105517,0.822101921413068
2000,5,c-vine,toeplitz,0.3,0.30410947614351785,0.1863227431844091,0.21977048156740556,0.30193317649744106,True,0.0187,0.12112018463962768,0.17796023189426463,6.906071307080881,0.45525721666107355
2000,5,c-vine,toeplitz,0.6,0.22048489327147902,0.09545625996140732,0.11910660650742182,0.9592768040052722,True,0.020399999999999998,0.06344400755574318,0.08916590367536839,6.202118460766524,0.20344734916481766
2000,5,c-vine,toeplitz,0.9,0.24913608483111305,0.09676776233484502,0.12343864133393535,0.7180098766353114,True,0.0163,0.09614507253626815,0.09952178428044604,3.77323025238006,0.8872609313611344
2000,5,c-vine,equicorrelation,0.3,0.18284756730159524,0.041579085476949974,0.068928586150136,0.46701380001853626,True,0.019700000000000002,0.0314496362822775,0.04572365833141423,6.7755714583280335,0.35918819431958227
2000,5,c-vine,equicorrelation,0.6,0.07928814253604388,0.02677231525010463,0.03508199741400338,0.03888782410216782,True,0.019200000000000002,0.022130367030292468,0.02828046476045961,5.8739989180861105,0.15484776871502515
2000,5,c-vine,equicorrelation,0.9,0.26001017683618477,0.1328244628755136,0.16685537511845946,-0.17235579343017657,True,0.015,0.14442970954254783,0.13583314987025935,3.2525506317827957,1.1062113257542179
2000,5,c-vine,block,0.3,0.40349358042524935,0.2729224020705225,0.2999020880319155,0.6413996603628532,True,0.0167,0.18019751275648355,0.26432029346110697,6.925864196971878,0.574255547294718
2000,5,c-vine,block,0.6,0.4571647325883268,0.2574739407051644,0.30778033156449935,0.9259775375448313,True,0.0164,0.1764545737807085,0.25362238729334513,6.349487063017133,0.41925165413173904
2000,5,c-vine,block,0.9,0.4226747170565588,0.2897037158006414,0.3061882133471825,0.9467349740803183,True,0.017499999999999998,0.22032298161333297,0.28131051474856295,4.476551678209071,1.0363682008760238
2000,5,d-vine,toeplitz,0.3,0.5499665000549254,0.23745380535885136,0.30199263790802644,-0.9568169300652495,True,0.0172,0.15586024497682113,0.22674904621991976,6.906071307080881,0.47694625093412224
2000,5,d-vine,toeplitz,0.6,0.5807625526310863,0.20495270508149738,0.2742769706651349,-0.4589556466598849,True,0.016800000000000002,0.1459970984337841,0.2018700270673678,6.202118460766524,0.4075564023030509
2000,5,d-vine,toeplitz,0.9,0.25412985063515525,0.12652939522939857,0.16133311161497563,-0.7726875735722142,True,0.015099999999999999,0.13194642573007792,0.13053907896065411,3.77323025238006,1.1602527918941536
2000,5,d-vine,equicorrelation,0.6,0.04769882135187975,0.019250786253633877,0.0278201033454218,0.40474756668381,True,0.0196,0.01780748491190861,0.02460198480440238,5.8739989180861105,0.30365975391980804
2000,5,d-vine,equicorrelation,0.9,0.254733623581049,0.16275867945533493,0.1777253356121906,-0.0487120836784956,True,0.0191,0.1790938819311947,0.16938726873294088,3.2525506317827957,1.1871120901085024
2000,5,d-vine,block,0.3,0.5629580569619697,0.27314014243232954,0.3439633200784443,-0.7765442043082401,True,0.0196,0.1797011353807555,0.2629904398585003,6.925864196971878,0.5365335228761774
2000,5,d-vine,block,0.6,0.6141847282238722,0.3071793588518738,0.35943450461050014,0.03133499125566207,True,0.0161,0.20694947473736866,0.2937553101888276,6.349487063017133,0.3363605053710996
2000,5,d-vine,block,0.9,0.7164785015450328,0.44333295874793277,0.4677996244846336,0.0757638632517331,True,0.0201,0.3381778889444722,0.4346995043248761,4.476551678209071,1.4615256808193582
2000,10,c-vine,toeplitz,0.3,0.640757098527606,0.37438865603589916,0.3997493231030721,0.22539225205079913,True,0.01845,0.25139326153406427,0.36339701955119874,13.76498727442614,1.6966984854799279
2000,10,c-vine,toeplitz,0.6,0.5063331350842046,0.2569040675254455,0.29755308787143764,0.6889502294541929,True,0.01795,0.1745838325590328,0.2462352947646641,12.18109337021884,0.7804870593436775
2000,10,c-vine,toeplitz,0.9,0.268070539296841,0.044612290391276684,0.06596948280472018,0.9006052089487108,True,0.015250000000000003,0.04187431651915992,0.04501284569639685,6.716094901349296,1.6250368260295378
2000,10,c-vine,equicorrelation,0.6,0.1981522305952257,0.05353045702806332,0.07093739301211918,0.23128743920846737,True,0.017849999999999998,0.04527285457371354,0.054902910548929096,10.99422603379584,0.4865152839462965
2000,10,c-vine,equicorrelation,0.9,0.2717042924775319,0.07856779040084264,0.12490012121573603,-0.10701167355813941,True,0.018,0.0893369156551284,0.08328686591352986,4.931889620334921,1.847299952856921
2000,10,c-vine,block,0.3,0.5243734537435146,0.31705887032128305,0.35526900587428445,0.26904511618233673,True,0.019700000000000002,0.21557044003608894,0.3075010919187309,13.551142916656067,1.5142727949287238
2000,10,c-vine,block,0.6,0.5898599330794195,0.2818531126641338,0.34810862755951955,0.7804821257397079,True,0.01745,0.1954544754436916,0.2763823491145384,11.747997836172221,0.8251814907398796
2000,10,d-vine,toeplitz,0.3,0.5491371461168141,0.35486632540676977,0.40071904610334863,-0.9169964404478123,True,0.019,0.23668869413595217,0.34281414869400445,13.76498727442614,1.6600541184336173
2000,10,d-vine,toeplitz,0.6,0.6445111812853771,0.35907017569868827,0.42362359078707895,-0.7966679661003974,True,0.0247,0.2510424793864203,0.34807817147887393,12.18109337021884,1.3827797897650136
2000,10,d-vine,toeplitz,0.9,0.37992178297011664,0.15490235706298286,0.1884339135279541,-0.7015496941987782,True,0.016200000000000003,0.1420638423674761,0.1564587494892067,6.716094901349296,2.0078590846361433
2000,10,d-vine,equicorrelation,0.3,0.21829298706115519,0.10466362933520003,0.12396094497322006,-0.25302263049239,True,0.021399999999999995,0.0714106913206918,0.10139690824016459,13.23851449414752,0.9067847353694205
2000,10,d-vine,equicorrelation,0.9,0.25213181155964226,0.13099991506938968,0.14192768155322072,0.003845456974846823,True,0.016500000000000004,0.15240188809750047,0.13871470510155517,4.931889620334921,2.840094584337746
2000,10,d-vine,block,0.3,0.5093381558245648,0.27694994393241207,0.33968200511759467,-0.6397635826080242,True,0.016950000000000003,0.1858141966549169,0.2699046837339275,13.551142916656067,1.5242544997266183
2000,10,d-vine,block,0.6,0.7063880228435865,0.38471246321015123,0.47336170780295106,-0.40572726800079706,True,0.01845,0.2635951071114002,0.3714194416984826,11.747997836172221,0.7433944764623153
2000,10,d-vine,block,0.9,0.8038801683966902,0.4987013039844169,0.5436223390041794,-0.23842711025140187,True,0.0224,0.3847117850898831,0.48964367064725195,6.505101263565591,2.747407798949056
